{"apogee_time": 30.335311386581154, "max_speed_time": 5.199994873414959}